localW	localH	local-size	tsk	trw	trh	tsw	tsh	n-size	realization	nounroll	gpu-time	Column 13
16	8	128	16	20	8	320	64	4	2	0	10.44916	
16	8	128	16	12	8	192	64	4	2	0	10.52148	
16	8	128	16	12	8	192	64	4	2	0	10.52148	
16	8	128	8	20	6	320	48	4	2	0	10.73008	
16	8	128	12	12	8	192	64	4	2	0	10.89476	
16	8	128	12	20	6	320	48	4	2	0	10.89544	
16	8	128	16	12	8	192	64	2	2	0	10.91124	
16	8	128	8	20	8	320	64	4	2	0	10.93192	
16	8	128	12	12	8	192	64	2	2	0	11.05544	
16	8	128	16	12	6	192	48	2	2	0	11.06084	
16	8	128	12	20	8	320	64	4	2	0	11.15508	
16	8	128	12	12	6	192	48	2	2	0	11.28448	
16	8	128	8	12	8	192	64	2	2	0	11.49	
32	4	128	12	12	8	384	32	4	2	0	11.59824	
16	8	128	16	12	6	192	48	4	2	0	11.69104	
16	8	128	12	20	4	320	32	4	2	0	11.76668	
16	8	128	16	20	6	320	48	4	2	0	12.02808	
16	4	64	8	12	8	192	32	4	2	0	12.07664	
16	4	64	8	16	8	256	32	4	2	0	12.20688	
16	4	64	12	12	8	192	32	4	2	0	12.2884	
16	8	128	8	12	6	192	48	2	2	0	12.28896	
32	4	128	8	12	8	384	32	4	2	0	12.39836	
32	4	128	12	8	8	256	32	4	2	0	12.4382	
16	8	128	12	12	6	192	48	4	2	0	12.4404	
16	8	128	16	8	8	128	64	4	2	0	12.47348	
16	4	64	12	8	8	128	32	4	2	0	12.47792	
32	4	128	8	16	8	512	32	4	2	0	12.50476	
16	8	128	4	12	8	192	64	2	2	0	12.57412	
16	4	64	16	12	8	192	32	4	2	0	12.7246	
16	8	128	8	12	8	192	64	4	2	0	12.81112	
16	4	64	8	12	6	192	24	4	2	0	12.90604	
16	4	64	4	12	6	192	24	4	2	0	12.91808	
32	4	128	4	12	6	384	24	4	2	0	12.95732	
32	4	128	8	12	6	384	24	4	2	0	12.97856	
16	8	128	12	8	8	128	64	4	2	0	13.02384	
8	4	32	4	12	6	96	24	4	2	0	13.16276	
16	4	64	8	8	6	128	24	4	2	0	13.17524	
16	8	128	12	12	4	192	32	4	2	0	13.33384	
16	4	64	8	8	8	128	32	4	2	0	13.36052	
16	4	64	4	12	8	192	32	4	2	0	13.3894	
32	4	128	16	8	8	256	32	4	2	0	13.39508	
8	4	32	8	8	8	64	32	4	2	0	13.42928	
16	8	128	16	16	8	256	64	4	2	0	13.49068	
16	8	128	8	20	6	320	48	2	2	0	13.53056	
16	8	128	12	16	8	256	64	4	2	0	13.53056	
16	8	128	8	12	6	192	48	4	2	0	13.63436	
16	8	128	16	20	4	320	32	4	2	0	13.8556	
16	4	64	12	16	8	256	32	4	2	0	13.86796	
16	8	128	16	8	8	128	64	2	2	0	13.8904	
32	4	128	4	12	8	384	32	4	2	0	13.9976	
16	4	64	16	8	8	128	32	4	2	0	14.00408	
16	8	128	4	20	8	320	64	4	2	0	14.13412	
32	4	128	8	8	8	256	32	4	2	0	14.19264	
32	4	128	16	12	8	384	32	4	2	0	14.24296	
16	8	128	8	16	8	256	64	4	2	0	14.24936	
16	4	64	12	8	6	128	24	4	2	0	14.26424	
32	4	128	12	12	6	384	24	4	2	0	14.33148	
32	4	128	8	8	8	256	32	2	2	0	14.43204	
16	8	128	4	12	6	192	48	2	2	0	14.5152	
16	8	128	8	20	4	320	32	4	2	0	14.60624	
8	4	32	8	8	8	64	32	2	2	0	14.6092	
32	4	128	16	12	6	384	24	4	2	0	14.68056	
16	4	64	12	8	8	128	32	2	2	0	14.697	
16	4	64	4	8	6	128	24	4	2	0	14.71908	
16	8	128	16	12	4	192	32	4	2	0	14.79792	
16	4	64	8	8	8	128	32	2	2	0	14.80332	
16	8	128	12	20	8	320	64	2	2	0	14.8108	
16	4	64	12	12	6	192	24	4	2	0	14.83568	
16	4	64	8	20	8	320	32	4	2	0	14.84528	
16	8	128	12	8	6	128	48	4	2	0	14.86172	
16	8	128	16	20	8	320	64	2	2	0	14.9282	
32	4	128	16	8	8	256	32	2	2	0	14.97808	
16	8	128	8	12	4	192	32	2	2	0	15.02824	
8	4	32	8	8	6	64	24	2	2	0	15.03864	
32	4	128	8	8	6	256	24	4	2	0	15.05116	
16	8	128	8	20	8	320	64	2	2	0	15.06336	
16	8	128	8	8	8	128	64	4	2	0	15.17584	
32	4	128	8	20	8	640	32	4	2	0	15.27908	
8	4	32	8	8	6	64	24	4	2	0	15.32068	
16	4	64	16	16	8	256	32	4	2	0	15.34428	
16	8	128	4	20	6	320	48	4	2	0	15.37944	
8	4	32	4	8	8	64	32	2	2	0	15.3858	
16	4	64	16	12	6	192	24	4	2	0	15.4756	
16	4	64	16	8	8	128	32	2	2	0	15.49292	
32	4	128	12	8	6	256	24	4	2	0	15.50376	
16	4	64	8	20	6	320	24	4	2	0	15.53092	
32	4	128	12	16	8	512	32	4	2	0	15.64312	
32	4	128	12	20	8	640	32	4	2	0	15.65024	
32	4	128	8	12	8	384	32	2	2	0	15.6754	
16	8	128	4	20	8	320	64	2	2	0	15.68828	
16	8	128	12	12	4	192	32	2	2	0	15.7232	
32	4	128	16	8	6	256	24	4	2	0	15.77332	
16	4	64	8	16	6	256	24	4	2	0	15.8724	
16	4	64	12	12	8	192	32	2	2	0	15.97308	
32	4	128	8	20	6	640	24	4	2	0	16.019119	
16	8	128	12	8	8	128	64	2	2	0	16.038481	
32	4	128	12	8	8	256	32	2	2	0	16.0606	
8	4	32	4	8	6	64	24	2	2	0	16.08956	
32	2	64	8	8	8	256	16	4	2	0	16.09996	
8	4	32	4	12	8	96	32	4	2	0	16.11812	
16	4	64	8	12	8	192	32	2	2	0	16.19912	
16	4	64	4	8	8	128	32	4	2	0	16.270519	
32	4	128	12	12	8	384	32	2	2	0	16.275	
16	8	128	16	20	6	320	48	2	2	0	16.31344	
16	4	64	4	8	8	128	32	2	2	0	16.31708	
16	8	128	8	8	8	128	64	2	2	0	16.318439	
16	8	128	4	12	8	192	64	4	2	0	16.42428	
16	8	128	16	8	6	128	48	4	2	0	16.445761	
32	2	64	4	8	8	256	16	4	2	0	16.45628	
16	8	128	8	12	4	192	32	4	2	0	16.465639	
16	2	32	8	8	8	128	16	4	2	0	16.483721	
8	4	32	4	16	6	128	24	4	2	0	16.5014	
8	4	32	4	8	6	64	24	4	2	0	16.5256	
32	4	128	4	8	6	256	24	2	2	0	16.55928	
16	4	64	4	16	6	256	24	4	2	0	16.565081	
16	4	64	16	8	6	128	24	4	2	0	16.56884	
16	8	128	12	20	6	320	48	2	2	0	16.677999	
16	8	128	4	12	6	192	48	4	2	0	16.680161	
16	4	64	4	12	8	192	32	2	2	0	16.742121	
16	8	128	12	8	4	128	32	4	2	0	16.746759	
32	4	128	4	8	8	256	32	2	2	0	16.751801	
16	2	32	4	8	8	128	16	4	2	0	16.751881	
16	8	128	8	8	6	128	48	4	2	0	16.770639	
16	4	64	12	8	6	128	24	2	2	0	16.78252	
32	4	128	8	12	4	384	16	4	2	0	16.850719	
32	4	128	4	20	8	640	32	4	2	0	16.881001	
16	8	128	12	16	6	256	48	4	2	0	16.9216	
16	4	64	8	8	6	128	24	2	2	0	16.955641	
8	4	32	8	12	4	96	16	4	2	0	17.054399	
16	4	64	8	12	4	192	16	4	2	0	17.07592	
16	4	64	4	8	6	128	24	2	2	0	17.16268	
16	4	64	4	20	8	320	32	4	2	0	17.24168	
16	8	128	16	12	4	192	32	2	2	0	17.252359	
16	8	128	4	20	6	320	48	2	2	0	17.287041	
16	4	64	12	16	6	256	24	4	2	0	17.3312	
32	4	128	4	12	4	384	16	4	2	0	17.38656	
16	4	64	12	12	4	192	16	4	2	0	17.447439	
16	8	128	16	16	6	256	48	4	2	0	17.471041	
16	4	64	4	12	4	192	16	4	2	0	17.4858	
16	4	64	4	12	6	192	24	2	2	0	17.561279	
32	4	128	4	12	8	384	32	2	2	0	17.577681	
32	2	64	12	8	8	256	16	4	2	0	17.61496	
8	4	32	8	8	4	64	16	2	2	0	17.622681	
16	4	64	12	8	4	128	16	4	2	0	17.65464	
16	2	32	4	12	8	192	16	4	2	0	17.68836	
16	4	64	8	12	6	192	24	2	2	0	17.71324	
16	4	64	12	20	8	320	32	4	2	0	17.7302	
8	4	32	4	12	8	96	32	2	2	0	17.733521	
32	4	128	8	8	6	256	24	2	2	0	17.818319	
32	4	128	4	8	6	256	24	4	2	0	17.837879	
16	4	64	4	16	8	256	32	4	2	0	17.85704	
8	4	32	4	20	8	160	32	4	2	0	17.86944	
32	4	128	8	12	6	384	24	2	2	0	17.871361	
32	2	64	4	12	8	384	16	4	2	0	17.879801	
8	4	32	4	12	4	96	16	4	2	0	17.99272	
32	4	128	12	12	4	384	16	4	2	0	18.158001	
16	8	128	4	8	8	128	64	2	2	0	18.187679	
8	4	32	4	16	8	128	32	4	2	0	18.1938	
8	4	32	4	8	4	64	16	2	2	0	18.313	
8	4	32	8	12	6	96	24	2	2	0	18.313761	
16	2	32	12	8	8	128	16	4	2	0	18.333639	
16	4	64	4	8	4	128	16	4	2	0	18.502119	
16	8	128	4	20	4	320	32	4	2	0	18.527559	
32	4	128	12	20	6	640	24	4	2	0	18.62928	
32	4	128	4	12	6	384	24	2	2	0	18.698641	
16	8	128	4	12	4	192	32	2	2	0	18.725439	
8	4	32	4	16	6	128	24	2	2	0	18.82056	
16	4	64	8	16	8	256	32	2	2	0	18.867041	
32	4	128	12	8	6	256	24	2	2	0	18.875521	
16	4	64	8	8	4	128	16	4	2	0	18.888399	
8	4	32	4	8	8	64	32	4	2	0	18.951	
8	4	32	4	20	6	160	24	4	2	0	18.96508	
16	4	64	16	16	6	256	24	4	2	0	18.98892	
16	2	32	4	8	8	128	16	2	2	0	19.031321	
16	8	128	8	8	6	128	48	2	2	0	19.14032	
32	4	128	12	16	6	512	24	4	2	0	19.1654	
32	2	64	8	12	8	384	16	4	2	0	19.257919	
8	4	32	4	12	6	96	24	2	2	0	19.2598	
8	4	32	8	8	4	64	16	4	2	0	19.26252	
32	4	128	12	20	8	640	32	2	2	0	19.284361	
16	4	64	8	20	8	320	32	2	2	0	19.308201	
16	2	32	8	12	8	192	16	4	2	0	19.336679	
32	2	64	4	8	8	256	16	2	2	0	19.35988	
16	8	128	8	20	4	320	32	2	2	0	19.36092	
8	4	32	4	16	8	128	32	2	2	0	19.507	
32	4	128	8	16	6	512	24	4	2	0	19.528919	
16	4	64	8	20	6	320	24	2	2	0	19.5658	
16	8	128	12	8	6	128	48	2	2	0	19.57276	
32	4	128	4	20	6	640	24	4	2	0	19.636959	
32	4	128	8	20	8	640	32	2	2	0	19.726839	
16	8	128	16	8	6	128	48	2	2	0	19.73468	
16	8	128	8	16	6	256	48	4	2	0	19.797001	
16	4	64	16	8	6	128	24	2	2	0	19.799919	
16	4	64	8	16	4	256	16	4	2	0	19.80356	
16	4	64	4	20	6	320	24	4	2	0	19.88356	
16	4	64	12	12	6	192	24	2	2	0	19.95516	
16	4	64	16	12	8	192	32	2	2	0	20.0224	
32	4	128	16	12	4	384	16	4	2	0	20.150681	
16	4	64	8	12	4	192	16	2	2	0	20.156481	
16	4	64	4	20	8	320	32	2	2	0	20.25392	
32	2	64	8	8	8	256	16	2	2	0	20.271	
8	4	32	4	20	8	160	32	2	2	0	20.337481	
16	2	32	4	16	8	256	16	4	2	0	20.34524	
16	8	128	16	8	4	128	32	4	2	0	20.36244	
16	8	128	12	20	4	320	32	2	2	0	20.398199	
32	4	128	12	12	6	384	24	2	2	0	20.44956	
16	2	32	8	16	8	256	16	4	2	0	20.48036	
32	4	128	4	20	8	640	32	2	2	0	20.60084	
16	8	128	8	16	8	256	64	2	2	0	20.631121	
16	4	64	4	12	4	192	16	2	2	0	20.671961	
32	2	64	16	8	8	256	16	4	2	0	20.732479	
8	4	32	4	8	4	64	16	4	2	0	20.749201	
32	4	128	12	8	4	256	16	4	2	0	20.790359	
32	2	64	4	16	8	512	16	4	2	0	20.8186	
16	2	32	4	20	8	320	16	4	2	0	20.84968	
16	2	32	8	8	6	128	12	4	2	0	20.85836	
32	4	128	8	8	4	256	16	4	2	0	20.87232	
32	4	128	4	16	6	512	24	4	2	0	20.87808	
32	2	64	4	20	8	640	16	4	2	0	20.88868	
8	4	32	8	12	4	96	16	2	2	0	20.96352	
16	4	64	12	20	6	320	24	4	2	0	20.99144	
16	2	32	16	8	8	128	16	4	2	0	21.018961	
32	4	128	8	20	6	640	24	2	2	0	21.022079	
32	2	64	4	8	6	256	12	4	2	0	21.023439	
16	4	64	4	8	4	128	16	2	2	0	21.0676	
32	2	64	8	8	6	256	12	4	2	0	21.2152	
16	2	32	4	8	6	128	12	4	2	0	21.233919	
32	4	128	8	12	4	384	16	2	2	0	21.256241	
16	4	64	16	8	4	128	16	4	2	0	21.29364	
16	8	128	4	20	4	320	32	2	2	0	21.30332	
32	4	128	8	16	8	512	32	2	2	0	21.311001	
16	8	128	16	16	8	256	64	2	2	0	21.371321	
16	8	128	12	20	2	320	16	4	2	0	21.397881	
8	4	32	4	16	4	128	16	2	2	0	21.409519	
16	2	32	4	12	6	192	12	4	2	0	21.47168	
16	4	64	16	12	4	192	16	4	2	0	21.49312	
32	4	128	4	16	8	512	32	4	2	0	21.506439	
32	4	128	16	8	6	256	24	2	2	0	21.521799	
16	8	128	4	16	8	256	64	2	2	0	21.54508	
8	4	32	4	12	4	96	16	2	2	0	21.548401	
16	8	128	12	16	8	256	64	2	2	0	21.55332	
32	4	128	4	8	4	256	16	4	2	0	21.609159	
16	4	64	12	8	4	128	16	2	2	0	21.62248	
16	4	64	4	16	8	256	32	2	2	0	21.6716	
16	8	128	4	20	2	320	16	4	2	0	21.6856	
32	2	64	4	12	8	384	16	2	2	0	21.726919	
32	4	128	4	8	8	256	32	4	2	0	21.74572	
32	4	128	4	20	6	640	24	2	2	0	21.836081	
16	4	64	8	8	4	128	16	2	2	0	21.87536	
16	2	32	4	12	8	192	16	2	2	0	21.87808	
16	2	32	8	8	8	128	16	2	2	0	21.89464	
16	4	64	4	20	6	320	24	2	2	0	21.9142	
16	4	64	8	16	6	256	24	2	2	0	21.91452	
16	4	64	12	20	8	320	32	2	2	0	21.98332	
32	2	64	8	16	8	512	16	4	2	0	22.08432	
16	8	128	16	20	2	320	16	4	2	0	22.126961	
32	4	128	8	20	4	640	16	4	2	0	22.13072	
16	8	128	8	20	2	320	16	4	2	0	22.17128	
16	4	64	8	20	4	320	16	4	2	0	22.17848	
32	4	128	4	12	4	384	16	2	2	0	22.18788	
8	2	16	8	8	8	64	16	4	2	0	22.193119	
32	4	128	16	8	4	256	16	4	2	0	22.217199	
32	2	64	4	12	6	384	12	4	2	0	22.261921	
16	8	128	4	8	6	128	48	2	2	0	22.32052	
16	8	128	4	8	8	128	64	4	2	0	22.4184	
16	8	128	8	12	2	192	16	4	2	0	22.43088	
8	4	32	4	20	6	160	24	2	2	0	22.555799	
8	4	32	4	20	4	160	16	4	2	0	22.607759	
32	2	64	12	8	6	256	12	4	2	0	22.64064	
8	2	16	12	8	8	64	16	4	2	0	22.66456	
32	4	128	4	8	4	256	16	2	2	0	22.799761	
16	8	128	4	12	4	192	32	4	2	0	22.9056	
16	4	64	12	16	8	256	32	2	2	0	22.99612	
32	4	128	4	16	8	512	32	2	2	0	23.038919	
32	4	128	16	12	8	384	32	2	2	0	23.045481	
16	4	64	4	16	4	256	16	4	2	0	23.079041	
16	8	128	4	16	6	256	48	4	2	0	23.083441	
16	8	128	16	20	4	320	32	2	2	0	23.103081	
32	4	128	4	20	4	640	16	4	2	0	23.111361	
16	2	32	12	8	6	128	12	4	2	0	23.132721	
16	8	128	8	8	4	128	32	4	2	0	23.146761	
16	8	128	4	8	6	128	48	4	2	0	23.147079	
16	8	128	4	16	8	256	64	4	2	0	23.228041	
16	4	64	4	20	4	320	16	4	2	0	23.23036	
16	4	64	12	16	4	256	16	4	2	0	23.25596	
16	8	128	12	12	2	192	16	4	2	0	23.291639	
16	2	32	4	16	6	256	12	4	2	0	23.2978	
8	4	32	4	16	4	128	16	4	2	0	23.3314	
16	2	32	4	8	6	128	12	2	2	0	23.35824	
32	2	64	4	8	6	256	12	2	2	0	23.60104	
16	8	128	16	12	2	192	16	4	2	0	23.79788	
16	4	64	16	20	8	320	32	4	2	0	23.92308	
16	2	32	8	16	6	256	12	4	2	0	23.980961	
8	2	16	4	8	8	64	16	4	2	0	24.004881	
32	2	64	4	16	6	512	12	4	2	0	24.06624	
32	4	128	8	16	4	512	16	4	2	0	24.103439	
16	8	128	8	8	4	128	32	2	2	0	24.24744	
32	4	128	12	8	4	256	16	2	2	0	24.291241	
32	4	128	12	16	8	512	32	2	2	0	24.32612	
16	8	128	8	12	2	192	16	2	2	0	24.34236	
32	2	64	8	12	6	384	12	4	2	0	24.43964	
32	4	128	8	8	4	256	16	2	2	0	24.44944	
32	4	128	16	12	6	384	24	2	2	0	24.58456	
16	2	32	4	12	6	192	12	2	2	0	24.6	
16	4	64	4	16	6	256	24	2	2	0	24.608641	
16	8	128	4	12	2	192	16	4	2	0	24.66596	
32	2	64	8	8	6	256	12	2	2	0	24.76092	
16	8	128	12	8	4	128	32	2	2	0	24.790239	
16	2	32	8	12	6	192	12	4	2	0	24.812	
16	8	128	16	16	4	256	32	4	2	0	24.978121	
16	4	64	8	20	4	320	16	2	2	0	25.0868	
16	4	64	16	8	4	128	16	2	2	0	25.239281	
32	2	64	8	12	8	384	16	2	2	0	25.31472	
16	8	128	4	12	2	192	16	2	2	0	25.403999	
16	8	128	12	16	4	256	32	4	2	0	25.413759	
16	4	64	16	12	6	192	24	2	2	0	25.43552	
16	4	64	12	20	4	320	16	4	2	0	25.482	
32	2	64	4	12	6	384	12	2	2	0	25.48752	
32	4	128	12	20	4	640	16	4	2	0	25.493481	
32	4	128	12	16	4	512	16	4	2	0	25.531521	
32	4	128	12	20	6	640	24	2	2	0	25.544399	
8	2	16	8	8	6	64	12	4	2	0	25.6196	
16	2	32	8	8	6	128	12	2	2	0	25.63348	
16	4	64	16	16	8	256	32	2	2	0	25.655399	
16	8	128	8	16	4	256	32	4	2	0	25.67556	
16	4	64	4	20	4	320	16	2	2	0	25.723	
16	8	128	12	16	6	256	48	2	2	0	25.7582	
16	8	128	4	16	6	256	48	2	2	0	25.831841	
16	8	128	8	16	6	256	48	2	2	0	25.91176	
8	4	32	4	20	4	160	16	2	2	0	26.034559	
16	4	64	16	16	4	256	16	4	2	0	26.051041	
32	4	128	8	20	4	640	16	2	2	0	26.177601	
8	2	16	4	8	6	64	12	4	2	0	26.342199	
32	2	64	16	8	6	256	12	4	2	0	26.49416	
16	8	128	4	8	4	128	32	4	2	0	26.565001	
32	4	128	4	20	4	640	16	2	2	0	26.57424	
16	8	128	4	8	4	128	32	2	2	0	26.684521	
16	2	32	16	8	6	128	12	4	2	0	26.831881	
16	2	32	4	20	6	320	12	4	2	0	26.83548	
32	4	128	4	16	6	512	24	2	2	0	26.852921	
32	2	64	8	20	8	640	16	4	2	0	26.86828	
32	2	64	4	20	6	640	12	4	2	0	26.868799	
32	2	64	12	16	8	512	16	4	2	0	26.951401	
16	8	128	12	12	2	192	16	2	2	0	26.95528	
32	2	64	8	16	6	512	12	4	2	0	27.064119	
32	4	128	8	16	6	512	24	2	2	0	27.079439	
16	8	128	4	20	2	320	16	2	2	0	27.086281	
16	8	128	16	16	6	256	48	2	2	0	27.347521	
16	8	128	8	8	2	128	16	4	2	0	27.548479	
16	2	32	8	20	8	320	16	4	2	0	27.603081	
16	4	64	16	20	6	320	24	4	2	0	27.628719	
16	8	128	16	8	4	128	32	2	2	0	27.636761	
8	2	16	16	8	8	64	16	4	2	0	27.69496	
16	2	32	12	8	8	128	16	2	2	0	28.062281	
8	2	16	12	8	6	64	12	4	2	0	28.217159	
16	4	64	12	20	6	320	24	2	2	0	28.33856	
32	2	64	12	12	8	384	16	4	2	0	28.40756	
16	2	32	12	12	8	192	16	4	2	0	28.4688	
16	4	64	12	12	4	192	16	2	2	0	28.4874	
32	2	64	12	8	8	256	16	2	2	0	28.72304	
32	4	128	4	16	4	512	16	4	2	0	28.912041	
16	2	32	4	16	6	256	12	2	2	0	29.070881	
8	2	16	8	16	8	128	16	4	2	0	29.100639	
32	4	128	16	8	4	256	16	2	2	0	29.229561	
16	8	128	12	8	2	128	16	4	2	0	29.32308	
16	2	32	4	20	8	320	16	2	2	0	29.42864	
16	8	128	4	8	2	128	16	4	2	0	29.489599	
32	4	128	12	12	4	384	16	2	2	0	29.51712	
16	2	32	8	12	8	192	16	2	2	0	29.555281	
16	2	32	12	16	8	256	16	4	2	0	29.835199	
16	4	64	12	16	6	256	24	2	2	0	29.852079	
32	2	64	4	20	8	640	16	2	2	0	29.94768	
16	8	128	8	20	2	320	16	2	2	0	30.00692	
16	8	128	16	12	2	192	16	2	2	0	30.35796	
16	8	128	12	20	2	320	16	2	2	0	30.45492	
16	2	32	4	12	4	192	8	4	2	0	30.5562	
16	2	32	4	8	4	128	8	2	2	0	30.56168	
16	4	64	16	20	8	320	32	2	2	0	30.68712	
32	2	64	4	12	4	384	8	4	2	0	31.007919	
16	2	32	4	16	8	256	16	2	2	0	31.03372	
16	2	32	8	8	4	128	8	4	2	0	31.131281	
32	2	64	8	8	4	256	8	4	2	0	31.19632	
16	2	32	4	8	4	128	8	4	2	0	31.25704	
16	2	32	12	8	4	128	8	4	2	0	31.52516	
32	4	128	12	16	6	512	24	2	2	0	31.624519	
32	2	64	4	16	8	512	16	2	2	0	31.656919	
8	2	16	4	12	8	96	16	4	2	0	31.695881	
32	2	64	4	16	6	512	12	2	2	0	31.76412	
32	2	64	4	8	4	256	8	4	2	0	31.857679	
32	2	64	12	8	4	256	8	4	2	0	31.959999	
8	2	16	16	8	6	64	12	4	2	0	32.054119	
32	4	128	4	12	2	384	8	4	2	0	32.104721	
16	4	64	4	12	2	192	8	4	2	0	32.231079	
8	4	32	4	8	2	64	8	2	2	0	32.254761	
32	4	128	8	12	2	384	8	4	2	0	32.336159	
16	2	32	4	12	4	192	8	2	2	0	32.401402	
32	2	64	8	12	6	384	12	2	2	0	32.537281	
16	2	32	4	20	6	320	12	2	2	0	32.565601	
8	4	32	4	12	2	96	8	4	2	0	32.578678	
16	4	64	16	16	6	256	24	2	2	0	32.618	
16	8	128	16	8	2	128	16	4	2	0	32.625481	
8	4	32	8	12	2	96	8	4	2	0	32.691559	
16	4	64	8	12	2	192	8	4	2	0	32.729279	
16	4	64	16	20	4	320	16	4	2	0	32.8232	
8	4	32	8	8	2	64	8	2	2	0	32.847401	
16	2	32	8	20	6	320	12	4	2	0	32.967041	
16	8	128	4	16	4	256	32	4	2	0	33.074001	
16	2	32	4	16	4	256	8	4	2	0	33.099442	
32	2	64	16	12	8	384	16	4	2	0	33.297321	
32	2	64	8	20	6	640	12	4	2	0	33.400478	
32	2	64	4	20	6	640	12	2	2	0	33.452122	
16	2	32	4	20	4	320	8	4	2	0	33.51548	
32	2	64	4	12	4	384	8	2	2	0	33.538559	
8	4	32	4	8	2	64	8	4	2	0	33.548321	
16	4	64	12	12	2	192	8	4	2	0	33.570042	
32	2	64	4	8	4	256	8	2	2	0	33.739799	
16	4	64	4	12	2	192	8	2	2	0	33.84132	
8	4	32	8	8	2	64	8	4	2	0	33.906281	
16	4	64	4	16	4	256	16	2	2	0	33.96484	
8	4	32	4	12	2	96	8	2	2	0	34.000359	
16	2	32	8	12	6	192	12	2	2	0	34.017681	
32	4	128	16	12	4	384	16	2	2	0	34.033119	
32	2	64	4	16	4	512	8	4	2	0	34.08564	
16	4	64	4	8	2	128	8	4	2	0	34.087639	
16	4	64	8	8	2	128	8	4	2	0	34.09988	
16	2	32	8	16	8	256	16	2	2	0	34.16304	
32	4	128	8	8	2	256	8	4	2	0	34.31184	
8	2	16	4	16	8	128	16	4	2	0	34.377838	
16	4	64	12	8	2	128	8	4	2	0	34.444561	
32	4	128	4	8	2	256	8	4	2	0	34.457081	
8	2	16	12	16	8	128	16	4	2	0	34.562599	
32	2	64	4	20	4	640	8	4	2	0	34.620361	
16	2	32	16	8	8	128	16	2	2	0	34.67284	
32	4	128	12	12	2	384	8	4	2	0	34.756241	
32	2	64	12	16	6	512	12	4	2	0	34.981682	
32	2	64	16	8	8	256	16	2	2	0	34.983559	
16	4	64	4	20	2	320	8	4	2	0	35.02528	
32	4	128	4	20	2	640	8	4	2	0	35.119801	
16	2	32	16	16	8	256	16	4	2	0	35.199841	
32	4	128	4	12	2	384	8	2	2	0	35.21764	
8	2	16	4	8	4	64	8	4	2	0	35.219639	
16	4	64	8	16	4	256	16	2	2	0	35.315559	
8	2	16	4	12	6	96	12	4	2	0	35.341801	
8	2	16	8	8	4	64	8	4	2	0	35.3666	
16	2	32	16	12	8	192	16	4	2	0	35.398682	
8	4	32	4	20	2	160	8	4	2	0	35.605881	
16	2	32	12	8	6	128	12	2	2	0	35.676041	
16	2	32	16	8	4	128	8	4	2	0	35.687359	
16	4	64	16	12	4	192	16	2	2	0	35.697842	
16	2	32	8	16	4	256	8	4	2	0	35.834518	
8	2	16	12	12	8	96	16	4	2	0	35.865479	
16	4	64	4	16	2	256	8	4	2	0	35.970482	
8	4	32	4	20	2	160	8	2	2	0	36.027081	
8	2	16	8	12	8	96	16	4	2	0	36.052959	
16	2	32	8	8	4	128	8	2	2	0	36.12928	
16	4	64	4	20	2	320	8	2	2	0	36.135681	
16	4	64	12	20	4	320	16	2	2	0	36.1632	
8	2	16	12	8	4	64	8	4	2	0	36.249802	
32	2	64	8	12	4	384	8	4	2	0	36.250118	
8	2	16	8	16	6	128	12	4	2	0	36.27536	
16	2	32	8	12	4	192	8	4	2	0	36.44532	
32	2	64	8	8	4	256	8	2	2	0	36.497082	
32	2	64	8	16	8	512	16	2	2	0	36.5378	
8	2	16	4	16	6	128	12	4	2	0	36.715401	
8	2	16	4	8	8	64	16	2	2	0	36.729	
32	4	128	12	8	2	256	8	4	2	0	36.812962	
32	2	64	12	8	6	256	12	2	2	0	36.89732	
16	2	32	12	12	6	192	12	4	2	0	36.918919	
16	2	32	12	16	6	256	12	4	2	0	36.976959	
16	4	64	8	20	2	320	8	4	2	0	37.019199	
32	4	128	12	20	4	640	16	2	2	0	37.031078	
32	4	128	8	20	2	640	8	4	2	0	37.031239	
16	4	64	16	12	2	192	8	4	2	0	37.051521	
32	2	64	12	12	6	384	12	4	2	0	37.31424	
16	4	64	8	12	2	192	8	2	2	0	37.400921	
16	8	128	16	20	2	320	16	2	2	0	37.549519	
32	4	128	16	12	2	384	8	4	2	0	37.620281	
16	8	128	4	16	4	256	32	2	2	0	37.767879	
32	4	128	4	20	2	640	8	2	2	0	37.800961	
16	4	64	16	8	2	128	8	4	2	0	37.842041	
8	2	16	16	16	8	128	16	4	2	0	38.03944	
16	8	128	16	16	4	256	32	2	2	0	38.11272	
32	2	64	16	8	4	256	8	4	2	0	38.1814	
8	4	32	8	12	2	96	8	2	2	0	38.525761	
32	2	64	12	20	8	640	16	4	2	0	38.641521	
16	8	128	8	16	4	256	32	2	2	0	38.729519	
16	8	128	12	16	4	256	32	2	2	0	38.730801	
8	4	32	4	16	2	128	8	4	2	0	38.739922	
8	4	32	4	16	2	128	8	2	2	0	38.805801	
16	4	64	16	20	6	320	24	2	2	0	38.861198	
8	2	16	16	12	8	96	16	4	2	0	39.031361	
32	4	128	4	16	4	512	16	2	2	0	39.201962	
32	2	64	8	20	8	640	16	2	2	0	39.36092	
8	2	16	8	12	6	96	12	4	2	0	39.418282	
16	4	64	8	16	2	256	8	4	2	0	39.462399	
16	2	32	8	20	8	320	16	2	2	0	39.477558	
8	2	16	16	8	4	64	8	4	2	0	39.488602	
8	2	16	8	20	8	160	16	4	2	0	39.567638	
16	2	32	12	20	8	320	16	4	2	0	39.572601	
16	4	64	4	8	2	128	8	2	2	0	39.826	
32	2	64	12	12	8	384	16	2	2	0	39.860802	
16	8	128	8	8	2	128	16	2	2	0	39.904678	
32	2	64	8	16	4	512	8	4	2	0	39.9552	
8	2	16	12	16	6	128	12	4	2	0	39.961281	
8	2	16	4	20	8	160	16	4	2	0	40.008518	
8	2	16	8	8	8	64	16	2	2	0	40.166321	
8	2	16	12	8	8	64	16	2	2	0	40.20808	
32	4	128	8	12	2	384	8	2	2	0	40.219479	
16	4	64	8	8	2	128	8	2	2	0	40.245399	
16	2	32	12	12	8	192	16	2	2	0	40.273521	
32	2	64	4	20	4	640	8	2	2	0	40.581402	
8	2	16	12	12	6	96	12	4	2	0	40.608639	
32	4	128	8	8	2	256	8	2	2	0	40.827518	
16	2	32	4	20	4	320	8	2	2	0	40.892521	
16	8	128	16	8	2	128	16	2	2	0	41.113201	
16	8	128	4	8	2	128	16	2	2	0	41.590599	
8	2	16	8	20	6	160	12	4	2	0	41.656239	
16	8	128	12	8	2	128	16	2	2	0	41.734001	
32	4	128	4	8	2	256	8	2	2	0	41.77372	
32	2	64	16	16	8	512	16	4	2	0	42.12376	
16	8	128	12	16	2	256	16	4	2	0	42.16132	
8	2	16	4	8	6	64	12	2	2	0	42.35968	
32	4	128	8	16	4	512	16	2	2	0	42.379559	
16	2	32	4	16	4	256	8	2	2	0	42.480801	
8	2	16	12	20	8	160	16	4	2	0	42.5186	
16	4	64	12	16	4	256	16	2	2	0	42.61232	
16	4	64	12	8	2	128	8	2	2	0	42.695801	
8	2	16	8	16	4	128	8	4	2	0	42.83012	
8	2	16	8	12	4	96	8	4	2	0	43.19268	
32	2	64	16	12	6	384	12	4	2	0	43.236359	
16	8	128	8	16	2	256	16	4	2	0	43.275082	
16	2	32	8	16	6	256	12	2	2	0	43.38068	
8	2	16	8	8	6	64	12	2	2	0	43.881161	
16	4	64	12	16	2	256	8	4	2	0	44.084801	
32	4	128	16	8	2	256	8	4	2	0	44.101479	
8	2	16	16	8	8	64	16	2	2	0	44.169682	
8	2	16	8	12	8	96	16	2	2	0	44.195	
16	8	128	16	16	2	256	16	4	2	0	44.434799	
16	2	32	16	8	6	128	12	2	2	0	44.693878	
8	2	16	12	8	6	64	12	2	2	0	44.976959	
8	2	16	12	12	8	96	16	2	2	0	45.081841	
32	2	64	16	8	6	256	12	2	2	0	45.5392	
8	2	16	4	8	4	64	8	2	2	0	45.63216	
8	2	16	4	12	4	96	8	4	2	0	45.679321	
32	2	64	4	16	4	512	8	2	2	0	45.748119	
16	8	128	4	16	2	256	16	4	2	0	45.903561	
8	2	16	4	16	4	128	8	4	2	0	45.928242	
32	4	128	12	16	4	512	16	2	2	0	45.988441	
32	4	128	8	16	2	512	8	4	2	0	46.090919	
32	4	128	4	16	2	512	8	4	2	0	46.119919	
8	2	16	4	12	8	96	16	2	2	0	46.325878	
32	2	64	16	12	8	384	16	2	2	0	46.660198	
16	4	64	16	20	4	320	16	2	2	0	46.737518	
32	4	128	12	8	2	256	8	2	2	0	47.010799	
16	2	32	16	12	6	192	12	4	2	0	47.097919	
16	4	64	16	16	4	256	16	2	2	0	47.18644	
32	2	64	12	20	6	640	12	4	2	0	47.201519	
16	2	32	16	16	6	256	12	4	2	0	47.30204	
32	2	64	8	12	4	384	8	2	2	0	47.333599	
16	2	32	12	20	6	320	12	4	2	0	47.385441	
16	4	64	16	8	2	128	8	2	2	0	47.39608	
32	2	64	8	16	6	512	12	2	2	0	47.5826	
16	2	32	12	16	4	256	8	4	2	0	47.613159	
8	2	16	8	12	6	96	12	2	2	0	47.699638	
16	2	32	8	20	4	320	8	4	2	0	47.908562	
8	2	16	16	16	6	128	12	4	2	0	48.030918	
32	2	64	8	20	4	640	8	4	2	0	48.044922	
8	2	16	8	8	4	64	8	2	2	0	48.108879	
16	4	64	8	20	2	320	8	2	2	0	48.225159	
16	2	32	8	12	4	192	8	2	2	0	48.320042	
32	2	64	12	8	4	256	8	2	2	0	48.489922	
16	2	32	12	12	4	192	8	4	2	0	48.82848	
32	2	64	12	16	8	512	16	2	2	0	48.887321	
16	4	64	12	20	2	320	8	4	2	0	48.956841	
32	4	128	12	20	2	640	8	4	2	0	49.084042	
8	2	16	16	12	6	96	12	4	2	0	49.22036	
8	2	16	4	20	6	160	12	4	2	0	49.333439	
16	4	64	12	12	2	192	8	2	2	0	49.64336	
32	2	64	8	20	6	640	12	2	2	0	49.771919	
8	2	16	8	16	8	128	16	2	2	0	49.787842	
32	4	128	12	16	2	512	8	4	2	0	50.010159	
16	2	32	12	8	4	128	8	2	2	0	50.400639	
16	2	32	16	12	8	192	16	2	2	0	50.400681	
8	2	16	4	12	6	96	12	2	2	0	50.459019	
16	2	32	16	20	8	320	16	4	2	0	50.511162	
16	2	32	8	20	6	320	12	2	2	0	50.555599	
16	4	64	16	16	2	256	8	4	2	0	50.608681	
32	4	128	8	20	2	640	8	2	2	0	50.831558	
32	2	64	16	20	8	640	16	4	2	0	50.850639	
32	2	64	12	16	4	512	8	4	2	0	51.167721	
16	2	32	12	12	6	192	12	2	2	0	51.61668	
8	2	16	12	16	4	128	8	4	2	0	52.023682	
32	2	64	12	12	6	384	12	2	2	0	52.08012	
8	2	16	12	20	6	160	12	4	2	0	52.480202	
8	2	16	12	12	4	96	8	4	2	0	53.598881	
8	2	16	8	12	4	96	8	2	2	0	53.7276	
32	2	64	12	12	4	384	8	4	2	0	53.78344	
8	2	16	4	12	4	96	8	2	2	0	54.116039	
8	2	16	8	16	6	128	12	2	2	0	54.390518	
8	2	16	4	16	6	128	12	2	2	0	54.601002	
16	2	32	12	16	8	256	16	2	2	0	54.83852	
8	2	16	12	16	8	128	16	2	2	0	55.204559	
32	2	64	16	16	6	512	12	4	2	0	55.2598	
8	2	16	16	12	8	96	16	2	2	0	55.265362	
8	2	16	12	8	4	64	8	2	2	0	55.395599	
8	2	16	8	20	6	160	12	2	2	0	55.57412	
32	2	64	12	20	8	640	16	2	2	0	56.090961	
32	4	128	16	8	2	256	8	2	2	0	56.703121	
8	2	16	12	12	6	96	12	2	2	0	56.77092	
8	2	16	16	8	6	64	12	2	2	0	56.797798	
32	4	128	12	12	2	384	8	2	2	0	56.931641	
8	2	16	8	20	4	160	8	4	2	0	57.04044	
16	2	32	12	20	8	320	16	2	2	0	57.04184	
8	2	16	16	20	8	160	16	4	2	0	57.07468	
8	2	16	4	20	4	160	8	4	2	0	58.144081	
8	2	16	8	20	8	160	16	2	2	0	58.212879	
8	2	16	4	20	8	160	16	2	2	0	58.620918	
8	2	16	4	16	4	128	8	2	2	0	58.762402	
8	2	16	4	16	8	128	16	2	2	0	59.796398	
16	2	32	16	8	4	128	8	2	2	0	60.309639	
32	2	64	16	12	6	384	12	2	2	0	60.88324	
16	2	32	16	12	4	192	8	4	2	0	61.19696	
16	2	32	16	20	6	320	12	4	2	0	61.2924	
16	4	64	16	12	2	192	8	2	2	0	61.544922	
32	2	64	16	20	6	640	12	4	2	0	61.57708	
16	2	32	8	16	4	256	8	2	2	0	61.796242	
16	2	32	8	8	2	128	4	4	2	0	62.101559	
8	2	16	12	20	8	160	16	2	2	0	62.257439	
16	4	64	4	16	2	256	8	2	2	0	62.2714	
16	4	64	16	20	2	320	8	4	2	0	62.41748	
8	2	16	4	20	6	160	12	2	2	0	62.571079	
32	2	64	16	12	4	384	8	4	2	0	62.92244	
32	2	64	8	8	2	256	4	4	2	0	62.945122	
8	2	16	16	16	4	128	8	4	2	0	63.59864	
32	2	64	4	12	2	384	4	4	2	0	63.844398	
16	2	32	4	8	2	128	4	4	2	0	63.881882	
16	2	32	12	8	2	128	4	4	2	0	63.891762	
16	2	32	4	16	2	256	4	4	2	0	63.893921	
32	2	64	4	20	2	640	4	4	2	0	64.000839	
32	2	64	12	8	2	256	4	4	2	0	64.499077	
32	2	64	4	8	2	256	4	4	2	0	64.574959	
32	2	64	12	16	6	512	12	2	2	0	64.580482	
8	2	16	8	16	4	128	8	2	2	0	65.154358	
16	2	32	4	12	2	192	4	4	2	0	65.28244	
32	2	64	16	8	4	256	8	2	2	0	65.604401	
16	2	32	4	20	2	320	4	4	2	0	65.672279	
32	2	64	4	8	2	256	4	2	2	0	65.691643	
8	2	16	16	16	8	128	16	2	2	0	65.752281	
32	2	64	4	12	2	384	4	2	2	0	66.15744	
16	2	32	16	16	4	256	8	4	2	0	66.203842	
16	2	32	16	16	8	256	16	2	2	0	66.254242	
16	2	32	4	8	2	128	4	2	2	0	66.333321	
32	2	64	4	16	2	512	4	4	2	0	66.403839	
16	2	32	16	12	6	192	12	2	2	0	66.565681	
16	2	32	4	12	2	192	4	2	2	0	66.576439	
32	4	128	16	12	2	384	8	2	2	0	66.610077	
8	2	16	16	12	4	96	8	4	2	0	66.909523	
8	2	16	8	8	2	64	4	4	2	0	67.24604	
16	4	64	12	20	2	320	8	2	2	0	67.747559	
8	2	16	12	8	2	64	4	4	2	0	68.16748	
8	2	16	4	8	2	64	4	4	2	0	68.271156	
8	2	16	12	16	6	128	12	2	2	0	68.34816	
8	2	16	16	20	6	160	12	4	2	0	68.371559	
32	2	64	12	20	4	640	8	4	2	0	68.55072	
16	2	32	12	12	4	192	8	2	2	0	68.550919	
16	2	32	12	20	4	320	8	4	2	0	68.71048	
8	2	16	16	8	4	64	8	2	2	0	69.349518	
8	2	16	16	12	6	96	12	2	2	0	69.55632	
16	2	32	16	8	2	128	4	4	2	0	69.650917	
32	2	64	8	16	4	512	8	2	2	0	69.780197	
32	4	128	12	20	2	640	8	2	2	0	70.019241	
8	2	16	12	20	4	160	8	4	2	0	70.565483	
16	2	32	8	16	2	256	4	4	2	0	70.82608	
16	2	32	8	12	2	192	4	4	2	0	71.047401	
32	2	64	8	12	2	384	4	4	2	0	71.084961	
16	2	32	12	16	6	256	12	2	2	0	71.366364	
32	2	64	8	8	2	256	4	2	2	0	71.4254	
16	2	32	8	8	2	128	4	2	2	0	71.698441	
8	2	16	4	8	2	64	4	2	2	0	72.126244	
8	2	16	4	16	2	128	4	4	2	0	72.257004	
16	2	32	8	20	4	320	8	2	2	0	72.476799	
32	2	64	8	20	4	640	8	2	2	0	72.917679	
32	2	64	12	20	6	640	12	2	2	0	72.926277	
32	2	64	16	8	2	256	4	4	2	0	73.389557	
16	8	128	8	16	2	256	16	2	2	0	73.438278	
16	4	64	8	16	2	256	8	2	2	0	73.594276	
8	2	16	16	8	2	64	4	4	2	0	73.614082	
8	2	16	8	16	2	128	4	4	2	0	73.630203	
8	2	16	12	12	4	96	8	2	2	0	73.806442	
16	2	32	16	20	8	320	16	2	2	0	74.149643	
32	2	64	12	12	4	384	8	2	2	0	74.274239	
32	2	64	16	20	8	640	16	2	2	0	74.35672	
16	8	128	4	16	2	256	16	2	2	0	74.713959	
16	2	32	12	20	6	320	12	2	2	0	74.834282	
16	8	128	12	16	2	256	16	2	2	0	75.00396	
16	4	64	12	16	2	256	8	2	2	0	75.801399	
16	8	128	16	16	2	256	16	2	2	0	75.937683	
8	2	16	4	12	2	96	4	2	2	0	76.419998	
8	2	16	4	20	4	160	8	2	2	0	76.595596	
8	2	16	4	12	2	96	4	4	2	0	76.873161	
32	4	128	4	16	2	512	8	2	2	0	77.26284	
8	2	16	8	20	4	160	8	2	2	0	77.353523	
32	2	64	16	16	8	512	16	2	2	0	77.370918	
8	2	16	8	12	2	96	4	4	2	0	77.799683	
32	2	64	8	16	2	512	4	4	2	0	78.703758	
32	2	64	4	20	2	640	4	2	2	0	78.881844	
8	2	16	8	8	2	64	4	2	2	0	78.931236	
32	2	64	16	16	4	512	8	4	2	0	79.49588	
16	2	32	4	20	2	320	4	2	2	0	80.125801	
8	2	16	12	20	6	160	12	2	2	0	80.924004	
32	4	128	8	16	2	512	8	2	2	0	81.320717	
32	4	128	12	16	2	512	8	2	2	0	81.995201	
16	2	32	4	16	2	256	4	2	2	0	82.419601	
8	2	16	16	20	8	160	16	2	2	0	82.504959	
8	2	16	4	20	2	160	4	4	2	0	84.732201	
16	4	64	16	16	2	256	8	2	2	0	85.187317	
8	2	16	16	16	6	128	12	2	2	0	85.499763	
16	4	64	16	20	2	320	8	2	2	0	87.662643	
16	2	32	16	12	4	192	8	2	2	0	87.715599	
32	2	64	16	12	4	384	8	2	2	0	88.041321	
8	2	16	4	16	2	128	4	2	2	0	88.6222	
16	2	32	16	20	4	320	8	4	2	0	88.787003	
16	2	32	12	16	4	256	8	2	2	0	89.218323	
32	2	64	16	20	4	640	8	4	2	0	89.350517	
32	2	64	4	16	2	512	4	2	2	0	89.424797	
8	2	16	16	20	4	160	8	4	2	0	90.747719	
32	2	64	8	12	2	384	4	2	2	0	92.039558	
8	2	16	12	16	4	128	8	2	2	0	92.221077	
16	2	32	8	20	2	320	4	4	2	0	92.395844	
16	2	32	16	16	6	256	12	2	2	0	92.50032	
32	2	64	8	20	2	640	4	4	2	0	92.566597	
32	2	64	12	16	4	512	8	2	2	0	93.124199	
32	2	64	12	8	2	256	4	2	2	0	94.021919	
16	2	32	12	16	2	256	4	4	2	0	94.61792	
16	2	32	12	12	2	192	4	4	2	0	94.775642	
16	2	32	8	12	2	192	4	2	2	0	94.9412	
16	2	32	12	8	2	128	4	2	2	0	95.225121	
8	2	16	16	12	4	96	8	2	2	0	95.561684	
32	2	64	16	20	6	640	12	2	2	0	96.142883	
16	2	32	16	20	6	320	12	2	2	0	96.298401	
8	2	16	8	20	2	160	4	4	2	0	96.998199	
8	2	16	12	16	2	128	4	4	2	0	97.259804	
8	2	16	12	12	2	96	4	4	2	0	98.940559	
32	2	64	12	16	2	512	4	4	2	0	100.244476	
32	4	128	16	16	2	512	8	2	2	0	100.397919	
8	2	16	4	20	2	160	4	2	2	0	100.843643	
8	2	16	8	12	2	96	4	2	2	0	102.100037	
32	2	64	16	16	6	512	12	2	2	0	102.462723	
32	2	64	12	12	2	384	4	4	2	0	103.802437	
8	2	16	12	8	2	64	4	2	2	0	105.487679	
32	2	64	12	20	4	640	8	2	2	0	107.445999	
8	2	16	12	20	4	160	8	2	2	0	108.3134	
8	2	16	16	20	6	160	12	2	2	0	108.74012	
16	2	32	12	20	4	320	8	2	2	0	109.278358	
8	2	16	16	16	4	128	8	2	2	0	115.714561	
16	2	32	16	8	2	128	4	2	2	0	117.044601	
16	2	32	16	12	2	192	4	4	2	0	118.646919	
8	2	16	16	16	2	128	4	4	2	0	118.915398	
16	2	32	8	16	2	256	4	2	2	0	120.599518	
32	2	64	16	12	2	384	4	4	2	0	121.809517	
8	2	16	8	16	2	128	4	2	2	0	124.68692	
8	2	16	16	12	2	96	4	4	2	0	126.114441	
32	2	64	16	8	2	256	4	2	2	0	127.98568	
8	2	16	16	8	2	64	4	2	2	0	128.829681	
16	2	32	16	16	2	256	4	4	2	0	128.872192	
16	2	32	16	16	4	256	8	2	2	0	128.926239	
32	2	64	12	20	2	640	4	4	2	0	131.819763	
16	2	32	12	20	2	320	4	4	2	0	132.253082	
16	2	32	12	12	2	192	4	2	2	0	132.656158	
8	2	16	12	20	2	160	4	4	2	0	132.673355	
32	2	64	8	16	2	512	4	2	2	0	136.590485	
16	2	32	8	20	2	320	4	2	2	0	140.495239	
32	2	64	16	20	4	640	8	2	2	0	140.836166	
8	2	16	12	12	2	96	4	2	2	0	141.793274	
8	2	16	16	20	4	160	8	2	2	0	141.995483	
32	2	64	8	20	2	640	4	2	2	0	142.026962	
16	2	32	16	20	4	320	8	2	2	0	142.864349	
32	2	64	12	12	2	384	4	2	2	0	144.775757	
8	2	16	8	20	2	160	4	2	2	0	148.563919	
32	2	64	16	16	4	512	8	2	2	0	152.416397	
32	2	64	16	16	2	512	4	4	2	0	154.70845	
16	2	32	16	12	2	192	4	2	2	0	169.150848	
32	2	64	16	12	2	384	4	2	2	0	171.342758	
16	2	32	16	20	2	320	4	4	2	0	172.001602	
32	2	64	16	20	2	640	4	4	2	0	172.005447	
8	2	16	16	20	2	160	4	4	2	0	172.196198	
16	2	32	12	16	2	256	4	2	2	0	173.450073	
8	2	16	12	16	2	128	4	2	2	0	180.389725	
8	2	16	16	12	2	96	4	2	2	0	180.573563	
32	2	64	12	16	2	512	4	2	2	0	183.176926	
16	2	32	12	20	2	320	4	2	2	0	205.964188	
32	2	64	12	20	2	640	4	2	2	0	207.077515	
8	2	16	12	20	2	160	4	2	2	0	209.544556	
8	2	16	16	16	2	128	4	2	2	0	222.309113	
16	2	32	16	16	2	256	4	2	2	0	243.122162	
16	2	32	16	20	2	320	4	2	2	0	271.017334	
8	2	16	16	20	2	160	4	2	2	0	271.474304	
32	2	64	16	20	2	640	4	2	2	0	273.387085	
32	2	64	16	16	2	512	4	2	2	0	297.636932	
												
												
												
												
												
												
												
												
												
												
												
												
												
												
												
												
												
												
												
												
												
												
												
												
												
												
												
												
												
												
												
												
												
												
												
												
												
												
												
												
												
												
												
												
												
												
												
												
												
												
												
												
												
												
												
												
												
												
												
												
												
												
												
												
												
												
												
												
												
												
												
												
												
												
												
												
												
												
												
												
												
												
												
												
												
												
												
												
												
												
												
												
												
												
												
												
												
												
												
												
												
												
												
												
												
												
												
												
												
												
												
												
												
												
												
												
												
												
												
												
												
												
												
												
												
												
												
												
												
												
												
												
												
												
												
												
												
												
												
												
												
												
												
												
												
												
												
												
												
												
												
												
												
												
												
												
												
												
												
												
												
												
												
												
												
												
												
												
												
												
												
												
												
												
												
												
												
												
												
												
												
												
												
												
												
												
												
												
												
												
												
												
												
												
												
												
												
												
												
												
												
												
												
												
												
												
												
												
												
												
												
												
												
												
												
												
												
												
												
												
												
												
												
												
												
												
												
												
												
												
												
												
												
												
												
												
												
												
												
												
												
												
												
												
												
												
												
												
												
												
												
												
												
												
												
												
												
												
												
												
												
												
												
												
												
												
												
												
												
												
												
												
												
												
												
												
												
												
												
												
												
												
												
												
												
												
												
												
												
												
												
												
												
												
												
												
												
												
												
												
												
												
												
												
												
												
												
												
												
												
												
												
												
												
												
												
												
												
												
												
												
												
												
												
												
												
												
												
												
												
												
												
												
												
												
												
												
												
												
												
												
												
												
												
												
												
												
												
												
												
												
												
												
												
												
												
												
												
												
												
												
												
												
												
												
												
												
												
												
												
												
												
												
												
												
												
												
												
												
												
												
												
												
												
												
												
												
												
												
												
												
												
												
												
												
												
												
												
												
												
												
												
												
												
												
												
												
												
												
												
												
												
												
												
												
												
												
												
												
												
												
												
												
												
												
												
												
												
												
												
												
												
												
												
												
												
												
												
												
												
												
												
												
												
												
												
												
												
												
												
												
												
												
												
												
												
												
												
												
												
												
												
												
												
												
												
												
												
												
												
												
												
												
												
												
												
												
												
												
												
												
												
												
												
												
												
												
												
												
												
												
												
												
												
												
												
												
												
												
												
												
												
												
												
												
												
												
												
												
												
												
												
												
												
												
												
												
												
												
												
												
												
												
												
												
												
												
												
												
												
												
												
												
												
												
												
												
												
												
												
												
												
												
												
												
												
												
												
												
												
												
												
												
												
												
												
												
												
												
												
												
												
												
												
												
												
												
												
												
												
												
												
												
												
												
												
												
												
												
												
												
												
												
												
												
												
												
												
												
												
												
												
												
												
												
												
												
												
												
												
												
												
												
												
												
												
												
												
												
												
												
												
												
												
												
												
												
												
												
												
												
												
												
												
												
												
												
												
												
												
												
												
												
												
												
												
												
												
												
												
												
												
												
												
												
												
												
												
												
												
												
												
												
												
												
												
												
												
												
												
												
												
												
												
												
												
												
												
												
												
												
												
												
												
												
												
												
												
												
												
												
												
												
												
												
												
												
												
												
												
												
												
												
												
												
												
												
												
												
												
												
												
												
												
												
												
												
												
												
												
												
												
												
												
												
												
												
												
												
												
												
												
												
												
												
												
												
												
												
												
												
												
												
												
												
												
												
												
												
												
												
												
												
												
												
												
												
												
												
												
												
												
												
												
												
												
												
												
												
												
												
												
												
												
												
												
												
												
												
												
												
												
												
												
												
												
												
												
												
												
												
												
												
												
												
												
												
												
												
												
												
												
												
												
												
												